Contracts,Order No.,Transaction Time(UTC+0),Leverage,Direction,Order Type,Filled Type,Filled Qty,Filled Price,Order Price,Trading Fee Rate,Fees Paid,Transaction ID
DOGEUSDT,851-Sell,2022-12-02 08:00:00,10,Open Short,--,Funding,1275000,0.09934,0.00000,-9.623e-05,-12.18834745,82999bf8
DOGEUSDT,cdae4f03,2022-12-02 02:13:16,10,Close Short,Limit,Trade,4130,0.09620,0.09620,6e-05,0.02383836,8a977023
DOGEUSDT,cdae4f03,2022-12-02 02:13:16,10,Close Short,Limit,Trade,2336,0.09620,0.09620,6e-05,0.0134834,3ee9a14d
DOGEUSDT,cdae4f03,2022-12-02 02:13:16,10,Close Short,Limit,Trade,16847,0.09620,0.09620,6e-05,0.09724089,306d73a3
DOGEUSDT,cdae4f03,2022-12-02 02:13:16,10,Close Short,Limit,Trade,36692,0.09620,0.09620,6e-05,0.21178623,92fa1baa
DOGEUSDT,cdae4f03,2022-12-02 02:13:16,10,Close Short,Limit,Trade,39995,0.09620,0.09620,6e-05,0.23085114,6893c636
DOGEUSDT,13e8147e,2022-12-02 02:13:11,10,Close Short,Limit,Trade,125000,0.09818,0.09818,6e-05,0.73635,0560dd07
DOGEUSDT,7d9f889d,2022-12-02 02:13:09,10,Close Short,Limit,Trade,125000,0.09883,0.09883,6e-05,0.741225,6290520d
DOGEUSDT,851-Sell,2022-12-02 00:00:00,10,Open Short,--,Funding,1625000,0.10169,0.00000,-0.0001,-16.524625,9c4b99f5
DOGEUSDT,851-Sell,2022-12-01 16:00:00,10,Open Short,--,Funding,1625000,0.10191,0.00000,-0.0001,-16.560375,fb31d065
DOGEUSDT,851-Sell,2022-12-01 08:00:00,10,Open Short,--,Funding,1625000,0.10262,0.00000,-0.0001,-16.67575,8cd3a11f
DOGEUSDT,851-Sell,2022-12-01 00:00:00,10,Open Short,--,Funding,1625000,0.10676,0.00000,-0.0001,-17.3485,62f787f6
DOGEUSDT,29c9e7bc,2022-11-30 22:56:24,10,Open Short,Limit,Trade,125000,0.10768,0.10768,6e-05,0.8076,eee06177
DOGEUSDT,af6de876,2022-11-30 18:04:58,10,Close Short,Limit,Trade,35042,0.10033,0.10033,6e-05,0.21094584,68d0082b
DOGEUSDT,af6de876,2022-11-30 18:04:58,10,Close Short,Limit,Trade,1946,0.10033,0.10033,6e-05,0.01171454,d59e1ee6
DOGEUSDT,af6de876,2022-11-30 18:04:58,10,Close Short,Limit,Trade,18851,0.10033,0.10033,6e-05,0.11347925,a9ad58cd
DOGEUSDT,af6de876,2022-11-30 18:04:58,10,Close Short,Limit,Trade,22514,0.10033,0.10033,6e-05,0.13552978,a107bc0b
DOGEUSDT,af6de876,2022-11-30 18:04:58,10,Close Short,Limit,Trade,14918,0.10033,0.10033,6e-05,0.08980338,9c301ed1
DOGEUSDT,af6de876,2022-11-30 18:04:58,10,Close Short,Limit,Trade,31729,0.10033,0.10033,6e-05,0.19100224,b0f508af
DOGEUSDT,567bd993,2022-11-30 17:25:24,10,Close Short,Limit,Trade,49518,0.10185,0.10185,6e-05,0.3026045,4286337d
DOGEUSDT,567bd993,2022-11-30 17:25:24,10,Close Short,Limit,Trade,30464,0.10185,0.10185,6e-05,0.18616551,3c1c7af7
DOGEUSDT,567bd993,2022-11-30 17:25:24,10,Close Short,Limit,Trade,45018,0.10185,0.10185,6e-05,0.275105,021305a4
DOGEUSDT,feecb56a,2022-11-30 17:23:16,10,Close Short,Limit,Trade,125000,0.10236,0.10236,6e-05,0.7677,34bd0a34
DOGEUSDT,851-Sell,2022-11-30 16:00:00,10,Open Short,--,Funding,1875000,0.10417,0.00000,-0.0001,-19.531875,73d3f9dc
DOGEUSDT,ffeed315,2022-11-30 10:20:10,10,Close Short,Limit,Trade,20900,0.10488,0.10488,6e-05,0.13151952,15f1dafd
DOGEUSDT,ffeed315,2022-11-30 10:20:10,10,Close Short,Limit,Trade,3824,0.10488,0.10488,6e-05,0.02406367,28423e79
DOGEUSDT,ffeed315,2022-11-30 10:20:10,10,Close Short,Limit,Trade,2955,0.10488,0.10488,6e-05,0.01859523,627da43a
DOGEUSDT,ffeed315,2022-11-30 10:20:10,10,Close Short,Limit,Trade,76097,0.10488,0.10488,6e-05,0.47886321,686fc605
DOGEUSDT,ffeed315,2022-11-30 10:20:10,10,Close Short,Limit,Trade,21224,0.10488,0.10488,6e-05,0.13355839,229db0f3
DOGEUSDT,851-Sell,2022-11-30 08:00:00,10,Open Short,--,Funding,2000000,0.10617,0.00000,-9.256e-05,-19.6541904,402b0549
DOGEUSDT,851-Sell,2022-11-30 00:00:00,10,Open Short,--,Funding,2000000,0.10138,0.00000,0.00010545,21.381042,07c67cb1
DOGEUSDT,851-Sell,2022-11-29 16:00:00,10,Open Short,--,Funding,2000000,0.10153,0.00000,-0.0001,-20.306,fe515489
DOGEUSDT,851-Sell,2022-11-29 08:00:00,10,Open Short,--,Funding,2000000,0.10240,0.00000,0.00305914,626.511872,31f94274
DOGEUSDT,9831cbc6,2022-11-29 02:25:35,10,Open Short,Limit,Trade,44156,0.10280,0.10280,6e-05,0.27235421,f99b565f
DOGEUSDT,9831cbc6,2022-11-29 02:25:35,10,Open Short,Limit,Trade,7557,0.10280,0.10280,6e-05,0.04661158,d3b4d7b1
DOGEUSDT,9831cbc6,2022-11-29 02:25:35,10,Open Short,Limit,Trade,73287,0.10280,0.10280,6e-05,0.45203422,fab79521
DOGEUSDT,8a974e56,2022-11-29 02:01:44,10,Open Short,Limit,Trade,125000,0.10210,0.10210,6e-05,0.76575,8eb382dd
DOGEUSDT,f067265c,2022-11-29 02:01:39,10,Open Short,Limit,Trade,12938,0.10150,0.10150,6e-05,0.07879242,48948de7
DOGEUSDT,f067265c,2022-11-29 02:01:39,10,Open Short,Limit,Trade,100,0.10150,0.10150,6e-05,0.000609,44d9acf3
DOGEUSDT,f067265c,2022-11-29 02:01:38,10,Open Short,Limit,Trade,39655,0.10150,0.10150,6e-05,0.24149895,7fd6ad82
DOGEUSDT,f067265c,2022-11-29 02:01:37,10,Open Short,Limit,Trade,2329,0.10150,0.10150,6e-05,0.01418361,cee3091e
DOGEUSDT,f067265c,2022-11-29 02:01:37,10,Open Short,Limit,Trade,100,0.10150,0.10150,6e-05,0.000609,8957aaa1
DOGEUSDT,f067265c,2022-11-29 02:01:36,10,Open Short,Limit,Trade,17850,0.10150,0.10150,6e-05,0.1087065,cd89b3b6
DOGEUSDT,f067265c,2022-11-29 02:01:36,10,Open Short,Limit,Trade,100,0.10150,0.10150,6e-05,0.000609,0662ae11
DOGEUSDT,f067265c,2022-11-29 02:01:26,10,Open Short,Limit,Trade,1,0.10150,0.10150,6e-05,6.09e-06,1b53bedc
DOGEUSDT,f067265c,2022-11-29 02:01:22,10,Open Short,Limit,Trade,400,0.10150,0.10150,6e-05,0.002436,b2fa49a2
DOGEUSDT,f067265c,2022-11-29 02:01:22,10,Open Short,Limit,Trade,10000,0.10150,0.10150,6e-05,0.0609,49169749
DOGEUSDT,f067265c,2022-11-29 02:01:22,10,Open Short,Limit,Trade,296,0.10150,0.10150,6e-05,0.00180264,63e2ab7c
DOGEUSDT,f067265c,2022-11-29 02:01:22,10,Open Short,Limit,Trade,3479,0.10150,0.10150,6e-05,0.02118711,6e8d1ba6
DOGEUSDT,f067265c,2022-11-29 02:01:22,10,Open Short,Limit,Trade,4502,0.10150,0.10150,6e-05,0.02741718,167297c0
DOGEUSDT,f067265c,2022-11-29 02:01:22,10,Open Short,Limit,Trade,5433,0.10150,0.10150,6e-05,0.03308697,838a81ea
DOGEUSDT,f067265c,2022-11-29 02:01:22,10,Open Short,Limit,Trade,27817,0.10150,0.10150,6e-05,0.16940553,a7f77ff6
DOGEUSDT,3f62f053,2022-11-29 02:00:46,10,Open Short,Limit,Trade,2158,0.10070,0.10070,6e-05,0.01303864,e7eb9b39
DOGEUSDT,3f62f053,2022-11-29 02:00:45,10,Open Short,Limit,Trade,4965,0.10070,0.10070,6e-05,0.02999853,011d5369
DOGEUSDT,3f62f053,2022-11-29 02:00:43,10,Open Short,Limit,Trade,5117,0.10070,0.10070,6e-05,0.03091692,a8b2943b
DOGEUSDT,3f62f053,2022-11-29 02:00:43,10,Open Short,Limit,Trade,37477,0.10070,0.10070,6e-05,0.22643604,644ebefa
DOGEUSDT,3f62f053,2022-11-29 02:00:43,10,Open Short,Limit,Trade,9,0.10070,0.10070,6e-05,5.438e-05,ada51512
DOGEUSDT,3f62f053,2022-11-29 02:00:43,10,Open Short,Limit,Trade,10539,0.10070,0.10070,6e-05,0.06367664,ae127409
DOGEUSDT,3f62f053,2022-11-29 02:00:43,10,Open Short,Limit,Trade,25386,0.10070,0.10070,6e-05,0.15338222,1dcfe622
DOGEUSDT,3f62f053,2022-11-29 02:00:43,10,Open Short,Limit,Trade,25044,0.10070,0.10070,6e-05,0.15131585,c161a4bf
DOGEUSDT,3f62f053,2022-11-29 02:00:43,10,Open Short,Limit,Trade,4723,0.10070,0.10070,6e-05,0.02853637,de763a18
DOGEUSDT,3f62f053,2022-11-29 02:00:43,10,Open Short,Limit,Trade,9582,0.10070,0.10070,6e-05,0.05789445,8ce9815e
DOGEUSDT,21ad2d30,2022-11-29 01:58:30,10,Open Short,Limit,Trade,20046,0.09980,0.09980,6e-05,0.12003545,a564a4df
DOGEUSDT,21ad2d30,2022-11-29 01:58:30,10,Open Short,Limit,Trade,10000,0.09980,0.09980,6e-05,0.05988,5a556266
DOGEUSDT,21ad2d30,2022-11-29 01:58:30,10,Open Short,Limit,Trade,780498,0.09980,0.09980,6e-05,4.67362203,16d8f94f
DOGEUSDT,21ad2d30,2022-11-29 01:58:30,10,Open Short,Limit,Trade,1,0.09980,0.09980,6e-05,5.99e-06,f4930d4d
DOGEUSDT,21ad2d30,2022-11-29 01:58:29,10,Open Short,Limit,Trade,4,0.09980,0.09980,6e-05,2.396e-05,d3da3aa6
DOGEUSDT,21ad2d30,2022-11-29 01:58:29,10,Open Short,Limit,Trade,13872,0.09980,0.09980,6e-05,0.08306554,a0a20453
DOGEUSDT,21ad2d30,2022-11-29 01:58:28,10,Open Short,Limit,Trade,1,0.09980,0.09980,6e-05,5.99e-06,bef81902
DOGEUSDT,21ad2d30,2022-11-29 01:58:28,10,Open Short,Limit,Trade,5,0.09980,0.09980,6e-05,2.994e-05,19a8ca7e
DOGEUSDT,21ad2d30,2022-11-29 01:58:28,10,Open Short,Limit,Trade,2342,0.09980,0.09980,6e-05,0.0140239,5a49e86f
DOGEUSDT,21ad2d30,2022-11-29 01:58:27,10,Open Short,Limit,Trade,7000,0.09980,0.09980,6e-05,0.041916,5478689b
DOGEUSDT,21ad2d30,2022-11-29 01:58:27,10,Open Short,Limit,Trade,50000,0.09980,0.09980,6e-05,0.2994,76b91468
DOGEUSDT,21ad2d30,2022-11-29 01:58:27,10,Open Short,Limit,Trade,3171,0.09980,0.09980,6e-05,0.01898795,02a12aa1
DOGEUSDT,21ad2d30,2022-11-29 01:58:27,10,Open Short,Limit,Trade,41800,0.09980,0.09980,6e-05,0.2502984,0bede941
DOGEUSDT,21ad2d30,2022-11-29 01:58:27,10,Open Short,Limit,Trade,60,0.09980,0.09980,6e-05,0.00035928,306f4a2d
DOGEUSDT,21ad2d30,2022-11-29 01:58:27,10,Open Short,Limit,Trade,100,0.09980,0.09980,6e-05,0.0005988,c11652fe
DOGEUSDT,21ad2d30,2022-11-29 01:58:27,10,Open Short,Limit,Trade,40970,0.09980,0.09980,6e-05,0.24532836,6c628d5c
DOGEUSDT,21ad2d30,2022-11-29 01:58:27,10,Open Short,Limit,Trade,144,0.09980,0.09980,6e-05,0.00086228,3732f9e8
DOGEUSDT,21ad2d30,2022-11-29 01:58:27,10,Open Short,Limit,Trade,10000,0.09980,0.09980,6e-05,0.05988,6ac349ce
DOGEUSDT,21ad2d30,2022-11-29 01:58:27,10,Open Short,Limit,Trade,19986,0.09980,0.09980,6e-05,0.11967617,4bcab354
DOGEUSDT,80e71c31,2022-11-29 01:45:44,10,Open Short,Limit,Trade,7326,0.09780,0.09780,6e-05,0.04298897,065297de
DOGEUSDT,80e71c31,2022-11-29 01:45:44,10,Open Short,Limit,Trade,5635,0.09780,0.09780,6e-05,0.03306618,73082bd2
DOGEUSDT,80e71c31,2022-11-29 01:45:44,10,Open Short,Limit,Trade,3057,0.09780,0.09780,6e-05,0.01793848,241ceb4f
DOGEUSDT,80e71c31,2022-11-29 01:45:44,10,Open Short,Limit,Trade,600,0.09780,0.09780,6e-05,0.0035208,c9389c42
DOGEUSDT,80e71c31,2022-11-29 01:45:44,10,Open Short,Limit,Trade,12160,0.09780,0.09780,6e-05,0.07135488,57c704e3
DOGEUSDT,80e71c31,2022-11-29 01:45:44,10,Open Short,Limit,Trade,1000,0.09780,0.09780,6e-05,0.005868,64a1067e
DOGEUSDT,80e71c31,2022-11-29 01:45:44,10,Open Short,Limit,Trade,402,0.09780,0.09780,6e-05,0.00235894,f62993ae
DOGEUSDT,80e71c31,2022-11-29 01:45:44,10,Open Short,Limit,Trade,32922,0.09780,0.09780,6e-05,0.1931863,e8477a65
DOGEUSDT,80e71c31,2022-11-29 01:45:44,10,Open Short,Limit,Trade,8769,0.09780,0.09780,6e-05,0.0514565,d78e7f0b
DOGEUSDT,80e71c31,2022-11-29 01:45:44,10,Open Short,Limit,Trade,472,0.09780,0.09780,6e-05,0.0027697,eacebcae
DOGEUSDT,80e71c31,2022-11-29 01:45:44,10,Open Short,Limit,Trade,20649,0.09780,0.09780,6e-05,0.12116834,0a3d31e6
DOGEUSDT,80e71c31,2022-11-29 01:45:44,10,Open Short,Limit,Trade,120,0.09780,0.09780,6e-05,0.00070416,60e03b39
DOGEUSDT,80e71c31,2022-11-29 01:45:44,10,Open Short,Limit,Trade,31888,0.09780,0.09780,6e-05,0.18711879,5a58af51
DOGEUSDT,851-Sell,2022-11-29 00:00:00,10,Open Short,--,Funding,375000,0.09510,0.00000,-0.0001,-3.56625,334f63ec
DOGEUSDT,27d9d86d,2022-11-28 17:36:08,10,Open Short,Limit,Trade,125000,0.09630,0.09630,6e-05,0.72225,382b4890
DOGEUSDT,86105372,2022-11-28 17:03:21,10,Open Short,Limit,Trade,125000,0.09670,0.09670,6e-05,0.72525,4d4174d6
DOGEUSDT,93a34c5f,2022-11-28 16:56:12,10,Open Short,Limit,Trade,75687,0.09490,0.09490,6e-05,0.43096178,33f37726
DOGEUSDT,93a34c5f,2022-11-28 16:56:12,10,Open Short,Limit,Trade,10453,0.09490,0.09490,6e-05,0.05951939,7a0eea31
DOGEUSDT,93a34c5f,2022-11-28 16:56:12,10,Open Short,Limit,Trade,376,0.09490,0.09490,6e-05,0.00214095,c4b88b6a
DOGEUSDT,93a34c5f,2022-11-28 16:56:12,10,Open Short,Limit,Trade,514,0.09490,0.09490,6e-05,0.00292672,83857c5d
DOGEUSDT,93a34c5f,2022-11-28 16:56:12,10,Open Short,Limit,Trade,5000,0.09490,0.09490,6e-05,0.02847,6cab5cf6
DOGEUSDT,93a34c5f,2022-11-28 16:56:12,10,Open Short,Limit,Trade,7888,0.09490,0.09490,6e-05,0.04491428,1ada8035
DOGEUSDT,93a34c5f,2022-11-28 16:56:12,10,Open Short,Limit,Trade,1698,0.09490,0.09490,6e-05,0.00966842,5728b140
DOGEUSDT,93a34c5f,2022-11-28 16:56:12,10,Open Short,Limit,Trade,1117,0.09490,0.09490,6e-05,0.0063602,21b65925
DOGEUSDT,93a34c5f,2022-11-28 16:56:12,10,Open Short,Limit,Trade,22267,0.09490,0.09490,6e-05,0.1267883,0717fef6
DOGEUSDT,a8b9e768,2022-11-28 14:57:04,10,Close Long,Limit,Trade,100000,0.09450,0.09450,6e-05,0.567,79d73c12
DOGEUSDT,dc7ad7f7,2022-11-28 08:07:41,10,Close Long,Limit,Trade,100000,0.09500,0.09500,0.0005,4.75,76a02642
DOGEUSDT,5851-Buy,2022-11-28 08:00:00,10,Open Long,--,Funding,200000,0.09560,0.00000,0.0001,1.912,ec99b1e0
DOGEUSDT,b525ecb0,2022-11-28 01:31:18,10,Open Long,Limit,Trade,186685,0.09310,0.09310,6e-05,1.04282241,40e991a4
DOGEUSDT,b525ecb0,2022-11-28 01:31:18,10,Close Short,Limit,Trade,39138,0.09310,0.09310,6e-05,0.21862487,cc3bbdea
DOGEUSDT,b525ecb0,2022-11-28 01:31:18,10,Close Short,Limit,Trade,18088,0.09310,0.09310,6e-05,0.10103957,54e9e61d
DOGEUSDT,b525ecb0,2022-11-28 01:31:18,10,Close Short,Limit,Trade,33,0.09310,0.09310,6e-05,0.00018434,05af290d
DOGEUSDT,b525ecb0,2022-11-28 01:31:18,10,Close Short,Limit,Trade,198348,0.09310,0.09310,6e-05,1.10797193,c24ea140
DOGEUSDT,b525ecb0,2022-11-28 01:31:18,10,Close Short,Limit,Trade,321882,0.09310,0.09310,6e-05,1.79803286,a47e872f
DOGEUSDT,b525ecb0,2022-11-28 01:31:18,10,Close Short,Limit,Trade,14743,0.09310,0.09310,6e-05,0.0823544,b9c4415d
DOGEUSDT,b525ecb0,2022-11-28 01:31:18,10,Close Short,Limit,Trade,64546,0.09310,0.09310,6e-05,0.36055396,f377980c
DOGEUSDT,b525ecb0,2022-11-28 01:31:18,10,Close Short,Limit,Trade,507,0.09310,0.09310,6e-05,0.00283211,d451cfba
DOGEUSDT,b525ecb0,2022-11-28 01:31:18,10,Close Short,Limit,Trade,156030,0.09310,0.09310,6e-05,0.87158358,34675dc5
DOGEUSDT,0cb6fdc4,2022-11-28 01:31:17,10,Close Short,Limit,Trade,46652,0.09340,0.09340,6e-05,0.26143781,1035c924
DOGEUSDT,0cb6fdc4,2022-11-28 01:31:17,10,Close Short,Limit,Trade,30705,0.09340,0.09340,6e-05,0.17207082,aae83b01
DOGEUSDT,0cb6fdc4,2022-11-28 01:31:17,10,Close Short,Limit,Trade,4360,0.09340,0.09340,6e-05,0.02443344,c2b768cc
DOGEUSDT,0cb6fdc4,2022-11-28 01:31:17,10,Close Short,Limit,Trade,51000,0.09340,0.09340,6e-05,0.285804,c351b161
DOGEUSDT,0cb6fdc4,2022-11-28 01:31:17,10,Close Short,Limit,Trade,72052,0.09340,0.09340,6e-05,0.40377941,4b86e1ae
DOGEUSDT,0cb6fdc4,2022-11-28 01:31:17,10,Close Short,Limit,Trade,7517,0.09340,0.09340,6e-05,0.04212527,b9653517
DOGEUSDT,0cb6fdc4,2022-11-28 01:31:17,10,Close Short,Limit,Trade,40000,0.09340,0.09340,6e-05,0.22416,e721ca75
DOGEUSDT,0cb6fdc4,2022-11-28 01:31:17,10,Close Short,Limit,Trade,453,0.09340,0.09340,6e-05,0.00253862,587bfb1d
DOGEUSDT,0cb6fdc4,2022-11-28 01:31:17,10,Close Short,Limit,Trade,47261,0.09340,0.09340,6e-05,0.26485065,b127f466
LTCUSDT,bae63eb4,2022-11-28 01:30:32,10,Close Short,Limit,Trade,500,72.20,72.20,6e-05,2.166,29d9866e
LTCUSDT,89282083,2022-11-28 00:10:17,10,Close Short,Limit,Trade,255.5,75.19,75.19,6e-05,1.1526627,5081edc8
LTCUSDT,89282083,2022-11-28 00:10:17,10,Close Short,Limit,Trade,29.5,75.19,75.19,6e-05,0.1330863,e1540af5
LTCUSDT,89282083,2022-11-28 00:10:16,10,Close Short,Limit,Trade,14.5,75.19,75.19,6e-05,0.0654153,186ed4ed
LTCUSDT,89282083,2022-11-28 00:10:16,10,Close Short,Limit,Trade,20.8,75.19,75.19,6e-05,0.09383712,e7e3eedd
LTCUSDT,89282083,2022-11-28 00:10:16,10,Close Short,Limit,Trade,10.3,75.19,75.19,6e-05,0.04646742,f4a6e609
LTCUSDT,89282083,2022-11-28 00:10:16,10,Close Short,Limit,Trade,44.8,75.19,75.19,6e-05,0.20211072,2a8b4a0f
DOGEUSDT,95b0b2e1,2022-11-28 00:08:15,10,Close Short,Limit,Trade,100000,0.09900,0.09900,6e-05,0.594,c506f6e9
DOGEUSDT,993f4859,2022-11-28 00:07:49,10,Close Short,Limit,Trade,100000,0.09930,0.09930,0.0005,4.965,cf28a511
LTCUSDT,89282083,2022-11-28 00:07:28,10,Close Short,Limit,Trade,18,75.19,75.19,6e-05,0.0812052,5ace4cf3
LTCUSDT,89282083,2022-11-28 00:07:28,10,Close Short,Limit,Trade,18,75.19,75.19,6e-05,0.0812052,27718b2f
LTCUSDT,89282083,2022-11-28 00:07:28,10,Close Short,Limit,Trade,18,75.19,75.19,6e-05,0.0812052,b8e604f8
LTCUSDT,89282083,2022-11-28 00:07:28,10,Close Short,Limit,Trade,18,75.19,75.19,6e-05,0.0812052,185fda85
LTCUSDT,89282083,2022-11-28 00:07:28,10,Close Short,Limit,Trade,5.9,75.18,75.19,0.0005,0.221781,8cac73a8
LTCUSDT,89282083,2022-11-28 00:07:28,10,Close Short,Limit,Trade,10.3,75.18,75.19,0.0005,0.387177,a9c701d8
LTCUSDT,89282083,2022-11-28 00:07:28,10,Close Short,Limit,Trade,10.3,75.19,75.19,0.0005,0.3872285,e5ba82cb
LTCUSDT,89282083,2022-11-28 00:07:28,10,Close Short,Limit,Trade,19.5,75.19,75.19,0.0005,0.7331025,8b036e0b
LTCUSDT,89282083,2022-11-28 00:07:28,10,Close Short,Limit,Trade,6.6,75.19,75.19,0.0005,0.248127,201abdce
DOGEUSDT,851-Sell,2022-11-28 00:00:00,10,Open Short,--,Funding,1300000,0.09870,0.00000,-0.0001,-12.831,b3b75645
LTCUSDT,851-Sell,2022-11-28 00:00:00,10,Open Short,--,Funding,1000,74.90,0.00,-0.0001,-7.49,58b3f321
DOGEUSDT,9e074a1b,2022-11-27 23:24:17,10,Close Short,Limit,Trade,250000,0.10010,0.10010,6e-05,1.5015,7cce1ea3
DOGEUSDT,737b95cf,2022-11-27 16:48:21,10,Open Short,Limit,Trade,407456,0.10390,0.10390,0.0005,21.1673392,3bacdbdf
DOGEUSDT,737b95cf,2022-11-27 16:48:21,10,Open Short,Limit,Trade,23818,0.10390,0.10390,0.0005,1.2373451,63e48b45
DOGEUSDT,737b95cf,2022-11-27 16:48:21,10,Open Short,Limit,Trade,71455,0.10390,0.10390,0.0005,3.71208725,5f30f980
DOGEUSDT,737b95cf,2022-11-27 16:48:21,10,Open Short,Limit,Trade,93146,0.10390,0.10390,0.0005,4.8389347,b944c1bf
DOGEUSDT,737b95cf,2022-11-27 16:48:21,10,Open Short,Limit,Trade,5222,0.10390,0.10390,0.0005,0.2712829,afb515c6
DOGEUSDT,737b95cf,2022-11-27 16:48:21,10,Open Short,Limit,Trade,37500,0.10390,0.10390,0.0005,1.948125,0a70644d
DOGEUSDT,737b95cf,2022-11-27 16:48:21,10,Open Short,Limit,Trade,53941,0.10390,0.10390,0.0005,2.80223495,bed83f72
DOGEUSDT,737b95cf,2022-11-27 16:48:21,10,Open Short,Limit,Trade,26685,0.10390,0.10390,0.0005,1.38628575,67fc2430
DOGEUSDT,737b95cf,2022-11-27 16:48:21,10,Open Short,Limit,Trade,133936,0.10390,0.10390,0.0005,6.9579752,8eb99438
DOGEUSDT,737b95cf,2022-11-27 16:48:21,10,Open Short,Limit,Trade,146841,0.10390,0.10390,0.0005,7.62838995,1d0956ae
DOGEUSDT,851-Sell,2022-11-27 16:00:00,10,Open Short,--,Funding,550000,0.10310,0.00000,-0.0001,-5.6705,92fd02a3
LTCUSDT,851-Sell,2022-11-27 16:00:00,10,Open Short,--,Funding,1000,76.37,0.00,3.41e-06,0.2604217,82f9389a
DOGEUSDT,d214e5f1,2022-11-27 11:51:54,10,Open Short,Limit,Trade,250000,0.10490,0.10490,0.0005,13.1125,e7cf70af
DOGEUSDT,0b96d5f1,2022-11-27 10:52:17,10,Open Short,Limit,Trade,150000,0.10500,0.10500,6e-05,0.945,01d99890
DOGEUSDT,76a224b7,2022-11-27 10:52:12,10,Open Short,Limit,Trade,92468,0.10480,0.10480,0.0005,4.8453232,89bd13f8
DOGEUSDT,76a224b7,2022-11-27 10:52:12,10,Open Short,Limit,Trade,57532,0.10480,0.10480,0.0005,3.0146768,06fea07f
LTCUSDT,851-Sell,2022-11-27 08:00:00,10,Open Short,--,Funding,1000,76.80,0.00,-0.0001,-7.68,e573d7a4
LTCUSDT,851-Sell,2022-11-27 00:00:00,10,Open Short,--,Funding,1000,76.43,0.00,-7.986e-05,-6.1036998,636117dc
LTCUSDT,851-Sell,2022-11-26 16:00:00,10,Open Short,--,Funding,1000,76.38,0.00,-9.535e-05,-7.282833,ae453faa
LTCUSDT,6de6485b,2022-11-26 14:30:03,10,Open Short,Limit,Trade,870,79.13,79.13,6e-05,4.130586,651819e8
LTCUSDT,6de6485b,2022-11-26 14:30:03,10,Open Short,Limit,Trade,123.6,79.13,79.13,6e-05,0.58682808,09cbc4cf
LTCUSDT,6de6485b,2022-11-26 14:30:00,10,Open Short,Limit,Trade,6.4,79.13,79.13,6e-05,0.03038592,48643cd9
LTCUSDT,6e4b7fcf,2022-11-25 16:50:26,10,Close Short,Limit,Trade,769.2,74.46,74.46,6e-05,3.43647792,cafb5a5a
LTCUSDT,6e4b7fcf,2022-11-25 16:50:26,10,Close Short,Limit,Trade,76.5,74.46,74.46,6e-05,0.3417714,eb67c5fc
LTCUSDT,6e4b7fcf,2022-11-25 16:50:22,10,Close Short,Limit,Trade,11.6,74.45,74.46,0.0005,0.43181,125685a8
LTCUSDT,6e4b7fcf,2022-11-25 16:50:22,10,Close Short,Limit,Trade,12.1,74.45,74.46,0.0005,0.4504225,8f984c77
LTCUSDT,6e4b7fcf,2022-11-25 16:50:22,10,Close Short,Limit,Trade,14.1,74.45,74.46,0.0005,0.5248725,db293a98
LTCUSDT,6e4b7fcf,2022-11-25 16:50:22,10,Close Short,Limit,Trade,19.9,74.45,74.46,0.0005,0.7407775,cc5a68ee
LTCUSDT,6e4b7fcf,2022-11-25 16:50:22,10,Close Short,Limit,Trade,10.3,74.45,74.46,0.0005,0.3834175,b67fbf01
LTCUSDT,6e4b7fcf,2022-11-25 16:50:22,10,Close Short,Limit,Trade,12.1,74.45,74.46,0.0005,0.4504225,108f6b59
LTCUSDT,6e4b7fcf,2022-11-25 16:50:22,10,Close Short,Limit,Trade,21,74.46,74.46,0.0005,0.78183,6090657b
LTCUSDT,6e4b7fcf,2022-11-25 16:50:22,10,Close Short,Limit,Trade,19.9,74.46,74.46,0.0005,0.740877,f146bf22
LTCUSDT,6e4b7fcf,2022-11-25 16:50:22,10,Close Short,Limit,Trade,15.8,74.46,74.46,0.0005,0.588234,1b2b2cbb
LTCUSDT,6e4b7fcf,2022-11-25 16:50:22,10,Close Short,Limit,Trade,17.5,74.46,74.46,0.0005,0.651525,511b2828
LTCUSDT,851-Sell,2022-11-25 16:00:00,10,Open Short,--,Funding,1000,76.14,0.00,1.022e-05,0.7781508,9f1e3f08
LTCUSDT,851-Sell,2022-11-25 08:00:00,10,Open Short,--,Funding,1000,75.47,0.00,4.069e-05,3.0708743,2f5bb377
LTCUSDT,321f9496,2022-11-25 05:59:34,10,Close Short,Limit,Trade,681.2,75.20,75.20,6e-05,3.0735744,87a5c9d1
LTCUSDT,321f9496,2022-11-25 05:59:34,10,Close Short,Limit,Trade,68.8,75.20,75.20,6e-05,0.3104256,10b484f8
LTCUSDT,67c57bd4,2022-11-25 02:08:05,10,Close Short,Limit,Trade,169.2,76.42,76.42,6e-05,0.77581584,63e17510
LTCUSDT,67c57bd4,2022-11-25 02:08:04,10,Close Short,Limit,Trade,14.1,76.42,76.42,6e-05,0.06465132,11689189
LTCUSDT,67c57bd4,2022-11-25 02:08:04,10,Close Short,Limit,Trade,13.1,76.42,76.42,6e-05,0.06006612,90c41aeb
LTCUSDT,67c57bd4,2022-11-25 02:08:04,10,Close Short,Limit,Trade,53.6,76.42,76.42,6e-05,0.24576672,d577ba34
LTCUSDT,851-Sell,2022-11-25 00:00:00,10,Open Short,--,Funding,2000,78.61,0.00,5.639e-05,8.8656358,1512e0ec
LTCUSDT,851-Sell,2022-11-24 16:00:00,10,Open Short,--,Funding,2000,78.70,0.00,-8.824e-05,-13.888976,fc01a9d6
LTCUSDT,851-Sell,2022-11-24 08:00:00,10,Open Short,--,Funding,2000,77.56,0.00,-0.0001,-15.512,451f38cf
LTCUSDT,851-Sell,2022-11-24 00:00:00,10,Open Short,--,Funding,2000,78.94,0.00,-0.0001,-15.788,e328a605
LTCUSDT,851-Sell,2022-11-23 16:00:00,10,Open Short,--,Funding,2000,78.62,0.00,6.906e-05,10.8589944,41e4c949
LTCUSDT,851-Sell,2022-11-23 08:00:00,10,Open Short,--,Funding,2000,79.60,0.00,8.997e-05,14.323224,00731cda
LTCUSDT,68065a0d,2022-11-23 03:45:31,10,Open Short,Limit,Trade,34.5,78.90,78.90,6e-05,0.163323,a64ac120
LTCUSDT,68065a0d,2022-11-23 03:45:31,10,Open Short,Limit,Trade,12.5,78.90,78.90,6e-05,0.059175,a023491a
LTCUSDT,68065a0d,2022-11-23 03:45:31,10,Open Short,Limit,Trade,33.4,78.90,78.90,6e-05,0.1581156,bb754500
LTCUSDT,68065a0d,2022-11-23 03:45:31,10,Open Short,Limit,Trade,26.6,78.90,78.90,6e-05,0.1259244,a81f4b04
LTCUSDT,68065a0d,2022-11-23 03:45:31,10,Open Short,Limit,Trade,1.5,78.90,78.90,6e-05,0.007101,17dfbae1
LTCUSDT,68065a0d,2022-11-23 03:45:31,10,Open Short,Limit,Trade,116.3,78.90,78.90,6e-05,0.5505642,bc6087a6
LTCUSDT,68065a0d,2022-11-23 03:45:31,10,Open Short,Limit,Trade,17.6,78.90,78.90,6e-05,0.0833184,9a3e76fb
LTCUSDT,68065a0d,2022-11-23 03:45:31,10,Open Short,Limit,Trade,338.9,78.90,78.90,6e-05,1.6043526,8dfc6a26
LTCUSDT,68065a0d,2022-11-23 03:45:31,10,Open Short,Limit,Trade,1.7,78.90,78.90,6e-05,0.0080478,c508789a
LTCUSDT,68065a0d,2022-11-23 03:45:31,10,Open Short,Limit,Trade,5.6,78.90,78.90,6e-05,0.0265104,7635a423
LTCUSDT,68065a0d,2022-11-23 03:45:31,10,Open Short,Limit,Trade,28.6,78.90,78.90,6e-05,0.1353924,9a24aafe
LTCUSDT,68065a0d,2022-11-23 03:45:31,10,Open Short,Limit,Trade,63.7,78.90,78.90,6e-05,0.3015558,d2d15369
LTCUSDT,68065a0d,2022-11-23 03:45:31,10,Open Short,Limit,Trade,319.1,78.90,78.90,6e-05,1.5106194,ea552607
LTCUSDT,1b506d97,2022-11-23 02:43:04,10,Open Short,Limit,Trade,14.5,77.85,77.85,6e-05,0.0677295,745e96bd
LTCUSDT,1b506d97,2022-11-23 02:43:04,10,Open Short,Limit,Trade,5,77.85,77.85,6e-05,0.023355,d3c1f892
LTCUSDT,1b506d97,2022-11-23 02:43:04,10,Open Short,Limit,Trade,10.5,77.85,77.85,6e-05,0.0490455,1af723c1
LTCUSDT,1b506d97,2022-11-23 02:43:04,10,Open Short,Limit,Trade,74.1,77.85,77.85,6e-05,0.3461211,de2a74d1
LTCUSDT,1b506d97,2022-11-23 02:43:01,10,Open Short,Limit,Trade,16.5,77.85,77.85,6e-05,0.0770715,d49e3f18
LTCUSDT,1b506d97,2022-11-23 02:42:59,10,Open Short,Limit,Trade,100,77.85,77.85,6e-05,0.4671,ab776102
LTCUSDT,1b506d97,2022-11-23 02:42:59,10,Open Short,Limit,Trade,16.4,77.85,77.85,6e-05,0.0766044,c5eeb17d
LTCUSDT,1b506d97,2022-11-23 02:42:59,10,Open Short,Limit,Trade,2.1,77.85,77.85,6e-05,0.0098091,a169bdbc
LTCUSDT,1b506d97,2022-11-23 02:42:59,10,Open Short,Limit,Trade,71.7,77.85,77.85,6e-05,0.3349107,251c1dc2
LTCUSDT,1b506d97,2022-11-23 02:42:51,10,Open Short,Limit,Trade,118.2,77.85,77.85,6e-05,0.5521122,0c3dc48a
LTCUSDT,1b506d97,2022-11-23 02:42:50,10,Open Short,Limit,Trade,6.2,77.85,77.85,6e-05,0.0289602,54659efd
LTCUSDT,1b506d97,2022-11-23 02:42:50,10,Open Short,Limit,Trade,4.1,77.85,77.85,6e-05,0.0191511,95da2251
LTCUSDT,1b506d97,2022-11-23 02:42:48,10,Open Short,Limit,Trade,156,77.85,77.85,6e-05,0.728676,f55f3e16
LTCUSDT,1b506d97,2022-11-23 02:42:44,10,Open Short,Limit,Trade,0.8,77.85,77.85,6e-05,0.0037368,8cc3c376
LTCUSDT,1b506d97,2022-11-23 02:42:44,10,Open Short,Limit,Trade,127,77.85,77.85,6e-05,0.593217,f5b7b33f
LTCUSDT,1b506d97,2022-11-23 02:42:44,10,Open Short,Limit,Trade,10,77.85,77.85,6e-05,0.04671,c31c1b89
LTCUSDT,1b506d97,2022-11-23 02:42:41,10,Open Short,Limit,Trade,46,77.85,77.85,6e-05,0.214866,9ee8d0f8
LTCUSDT,1b506d97,2022-11-23 02:42:41,10,Open Short,Limit,Trade,45,77.85,77.85,6e-05,0.210195,17ef4c44
LTCUSDT,1b506d97,2022-11-23 02:42:41,10,Open Short,Limit,Trade,35,77.85,77.85,6e-05,0.163485,9f54db4e
LTCUSDT,1b506d97,2022-11-23 02:42:41,10,Open Short,Limit,Trade,15,77.85,77.85,6e-05,0.070065,60b75aec
LTCUSDT,1b506d97,2022-11-23 02:42:41,10,Open Short,Limit,Trade,10,77.85,77.85,6e-05,0.04671,d3ea5c44
LTCUSDT,1b506d97,2022-11-23 02:42:41,10,Open Short,Limit,Trade,15,77.85,77.85,6e-05,0.070065,562d07a6
LTCUSDT,1b506d97,2022-11-23 02:42:41,10,Open Short,Limit,Trade,10,77.85,77.85,6e-05,0.04671,83ba2497
LTCUSDT,1b506d97,2022-11-23 02:42:41,10,Open Short,Limit,Trade,15,77.85,77.85,6e-05,0.070065,33a01a78
LTCUSDT,1b506d97,2022-11-23 02:42:41,10,Open Short,Limit,Trade,29.5,77.85,77.85,6e-05,0.1377945,070cb9b3
LTCUSDT,1b506d97,2022-11-23 02:42:41,10,Open Short,Limit,Trade,46.4,77.85,77.85,6e-05,0.2167344,f4231f10
CHZUSDT,f94cd037,2022-11-21 18:21:19,5,Close Short,Limit,Trade,27508,0.18410,0.18410,6e-05,0.30385337,7db4b310
CHZUSDT,f94cd037,2022-11-21 18:21:19,5,Close Short,Limit,Trade,16633,0.18410,0.18410,6e-05,0.18372812,57bb7530
CHZUSDT,f94cd037,2022-11-21 18:21:19,5,Close Short,Limit,Trade,2467,0.18410,0.18410,6e-05,0.02725049,0f72dbf3
CHZUSDT,f94cd037,2022-11-21 18:21:19,5,Close Short,Limit,Trade,87,0.18410,0.18410,6e-05,0.00096101,5b95348b
CHZUSDT,f94cd037,2022-11-21 18:21:19,5,Close Short,Limit,Trade,1624,0.18410,0.18410,6e-05,0.01793871,547a12b1
CHZUSDT,f94cd037,2022-11-21 18:21:19,5,Close Short,Limit,Trade,1681,0.18410,0.18410,6e-05,0.01856833,d1ae8a2f
CHZUSDT,851-Sell,2022-11-21 16:00:00,5,Open Short,--,Funding,50000,0.19269,0.00000,-0.0001,-0.96345,9d54f860
CHZUSDT,4d14b4e4,2022-11-21 13:44:02,5,Open Short,Limit,Trade,14432,0.19545,0.19500,0.0005,1.4103672,8781a7df
CHZUSDT,4d14b4e4,2022-11-21 13:44:02,5,Open Short,Limit,Trade,26000,0.19545,0.19500,0.0005,2.54085,65667200
CHZUSDT,4d14b4e4,2022-11-21 13:44:02,5,Open Short,Limit,Trade,9568,0.19545,0.19500,0.0005,0.9350328,370f724c
CHZUSDT,3467653b,2022-11-21 09:08:31,5,Close Short,Limit,Trade,27569,0.18820,0.18820,6e-05,0.31130915,eaa0d3ed
CHZUSDT,3467653b,2022-11-21 09:08:31,5,Close Short,Limit,Trade,2179,0.18820,0.18820,6e-05,0.02460527,d65c6a09
CHZUSDT,3467653b,2022-11-21 09:08:31,5,Close Short,Limit,Trade,275,0.18820,0.18820,6e-05,0.0031053,7abd5b0d
CHZUSDT,3467653b,2022-11-21 09:08:31,5,Close Short,Limit,Trade,359,0.18820,0.18820,6e-05,0.00405383,41f489d6
CHZUSDT,3467653b,2022-11-21 09:08:30,5,Close Short,Limit,Trade,500,0.18820,0.18820,6e-05,0.005646,1f6c8320
CHZUSDT,3467653b,2022-11-21 09:08:28,5,Close Short,Limit,Trade,7120,0.18820,0.18820,6e-05,0.08039904,36fa3cef
CHZUSDT,3467653b,2022-11-21 09:08:28,5,Close Short,Limit,Trade,6941,0.18820,0.18820,6e-05,0.07837778,a47021b0
CHZUSDT,3467653b,2022-11-21 09:08:28,5,Close Short,Limit,Trade,57,0.18820,0.18820,6e-05,0.00064365,6d6da827
CHZUSDT,851-Sell,2022-11-21 08:00:00,5,Open Short,--,Funding,45000,0.19099,0.00000,-4.186e-05,-0.35976786,ee784951
CHZUSDT,9c02ab6b,2022-11-21 05:09:30,5,Open Short,Limit,Trade,15823,0.19390,0.19390,6e-05,0.18408479,e372f4f0
CHZUSDT,9c02ab6b,2022-11-21 05:09:30,5,Open Short,Limit,Trade,6717,0.19390,0.19390,6e-05,0.07814558,1c5206e6
CHZUSDT,9c02ab6b,2022-11-21 05:09:30,5,Open Short,Limit,Trade,258,0.19390,0.19390,6e-05,0.00300158,91b5c055
CHZUSDT,9c02ab6b,2022-11-21 05:09:29,5,Open Short,Limit,Trade,2652,0.19390,0.19390,6e-05,0.03085337,2a3e627e
CHZUSDT,9c02ab6b,2022-11-21 05:09:29,5,Open Short,Limit,Trade,258,0.19390,0.19390,6e-05,0.00300158,fb4d1531
CHZUSDT,9c02ab6b,2022-11-21 05:09:28,5,Open Short,Limit,Trade,16584,0.19390,0.19390,6e-05,0.19293826,ed6035b7
CHZUSDT,9c02ab6b,2022-11-21 05:09:28,5,Open Short,Limit,Trade,258,0.19390,0.19390,6e-05,0.00300158,d58dca24
CHZUSDT,9c02ab6b,2022-11-21 05:09:27,5,Open Short,Limit,Trade,66,0.19390,0.19390,6e-05,0.00076785,b50d0b7a
CHZUSDT,9c02ab6b,2022-11-21 05:09:27,5,Open Short,Limit,Trade,258,0.19390,0.19390,6e-05,0.00300158,b42fc31e
CHZUSDT,9c02ab6b,2022-11-21 05:09:26,5,Open Short,Limit,Trade,258,0.19390,0.19390,6e-05,0.00300158,5533bcdf
CHZUSDT,9c02ab6b,2022-11-21 05:09:25,5,Open Short,Limit,Trade,258,0.19390,0.19390,6e-05,0.00300158,494478a3
CHZUSDT,9c02ab6b,2022-11-21 05:09:24,5,Open Short,Limit,Trade,258,0.19390,0.19390,6e-05,0.00300158,78e3d4af
CHZUSDT,9c02ab6b,2022-11-21 05:09:23,5,Open Short,Limit,Trade,53,0.19390,0.19390,6e-05,0.00061661,e66692db
CHZUSDT,9c02ab6b,2022-11-21 05:09:23,5,Open Short,Limit,Trade,246,0.19390,0.19390,6e-05,0.00286197,1082d86a
CHZUSDT,9c02ab6b,2022-11-21 05:09:23,5,Open Short,Limit,Trade,786,0.19390,0.19390,6e-05,0.00914433,5a868ee1
CHZUSDT,9c02ab6b,2022-11-21 05:09:23,5,Open Short,Limit,Trade,258,0.19390,0.19390,6e-05,0.00300158,d904dbb5
CHZUSDT,9c02ab6b,2022-11-21 04:49:13,5,Open Short,Limit,Trade,6,0.19390,0.19390,6e-05,6.981e-05,b3e00b13
CHZUSDT,9c02ab6b,2022-11-21 04:49:05,5,Open Short,Limit,Trade,3,0.19390,0.19390,6e-05,3.491e-05,02f0c25c
CHZUSDT,8ddf9104,2022-11-20 16:20:03,5,Close Short,Limit,Trade,16188,0.21710,0.21820,0.0005,1.7572074,7d8ae850
CHZUSDT,8ddf9104,2022-11-20 16:20:03,5,Close Short,Limit,Trade,13076,0.21710,0.21820,0.0005,1.4193998,9c039a6f
CHZUSDT,8ddf9104,2022-11-20 16:20:03,5,Close Short,Limit,Trade,1000,0.21710,0.21820,0.0005,0.10855,892bfb6c
CHZUSDT,8ddf9104,2022-11-20 16:20:03,5,Close Short,Limit,Trade,4855,0.21710,0.21820,0.0005,0.52701025,f71f8542
CHZUSDT,8ddf9104,2022-11-20 16:20:03,5,Close Short,Limit,Trade,13076,0.21715,0.21820,0.0005,1.4197267,07cacfb7
CHZUSDT,8ddf9104,2022-11-20 16:20:03,5,Close Short,Limit,Trade,10302,0.21715,0.21820,0.0005,1.11853965,2d05765b
CHZUSDT,8ddf9104,2022-11-20 16:20:03,5,Close Short,Limit,Trade,17299,0.21715,0.21820,0.0005,1.87823893,d0a29c59
CHZUSDT,8ddf9104,2022-11-20 16:20:03,5,Close Short,Limit,Trade,20000,0.21715,0.21820,0.0005,2.1715,811a06fc
CHZUSDT,8ddf9104,2022-11-20 16:20:03,5,Close Short,Limit,Trade,2558,0.21715,0.21820,0.0005,0.27773485,6afab7ae
CHZUSDT,8ddf9104,2022-11-20 16:20:03,5,Close Short,Limit,Trade,3503,0.21715,0.21820,0.0005,0.38033823,54231883
CHZUSDT,8ddf9104,2022-11-20 16:20:03,5,Close Short,Limit,Trade,12497,0.21720,0.21820,0.0005,1.3571742,3bd06662
CHZUSDT,8ddf9104,2022-11-20 16:20:03,5,Close Short,Limit,Trade,492,0.21720,0.21820,0.0005,0.0534312,213676cc
CHZUSDT,8ddf9104,2022-11-20 16:20:03,5,Close Short,Limit,Trade,9830,0.21720,0.21820,0.0005,1.067538,9676b39b
CHZUSDT,8ddf9104,2022-11-20 16:20:03,5,Close Short,Limit,Trade,10943,0.21720,0.21820,0.0005,1.1884098,a4eb6520
CHZUSDT,8ddf9104,2022-11-20 16:20:03,5,Close Short,Limit,Trade,20000,0.21720,0.21820,0.0005,2.172,3c3ad803
CHZUSDT,8ddf9104,2022-11-20 16:20:03,5,Close Short,Limit,Trade,1000,0.21720,0.21820,0.0005,0.1086,e477bb28
CHZUSDT,8ddf9104,2022-11-20 16:20:03,5,Close Short,Limit,Trade,44,0.21720,0.21820,0.0005,0.0047784,690e5239
CHZUSDT,8ddf9104,2022-11-20 16:20:03,5,Close Short,Limit,Trade,20658,0.21720,0.21820,0.0005,2.2434588,5915cd46
CHZUSDT,8ddf9104,2022-11-20 16:20:03,5,Close Short,Limit,Trade,984,0.21720,0.21820,0.0005,0.1068624,9465799b
CHZUSDT,8ddf9104,2022-11-20 16:20:03,5,Close Short,Limit,Trade,8718,0.21725,0.21820,0.0005,0.94699275,62271c37
CHZUSDT,8ddf9104,2022-11-20 16:20:03,5,Close Short,Limit,Trade,12988,0.21725,0.21820,0.0005,1.4108215,c0dc5fb6
CHZUSDT,8ddf9104,2022-11-20 16:19:47,5,Close Short,Limit,Trade,337,0.21700,0.21700,6e-05,0.00438774,97696352
CHZUSDT,8ddf9104,2022-11-20 16:18:54,5,Close Short,Limit,Trade,1,0.21510,0.21510,6e-05,1.291e-05,f219d7ab
CHZUSDT,8ddf9104,2022-11-20 16:18:54,5,Close Short,Limit,Trade,545,0.21510,0.21510,6e-05,0.00703377,770fcbef
CHZUSDT,8ddf9104,2022-11-20 16:18:54,5,Close Short,Limit,Trade,2200,0.21510,0.21510,6e-05,0.0283932,06313869
CHZUSDT,8ddf9104,2022-11-20 16:18:54,5,Close Short,Limit,Trade,3164,0.21510,0.21510,6e-05,0.04083459,50d58be2
CHZUSDT,8ddf9104,2022-11-20 16:18:54,5,Close Short,Limit,Trade,632,0.21510,0.21510,6e-05,0.0081566,4ba652ae
CHZUSDT,8ddf9104,2022-11-20 16:18:54,5,Close Short,Limit,Trade,10494,0.21510,0.21510,6e-05,0.13543557,d06076ce
CHZUSDT,8ddf9104,2022-11-20 16:18:54,5,Close Short,Limit,Trade,988,0.21510,0.21510,6e-05,0.01275113,0c7f6c3d
CHZUSDT,8ddf9104,2022-11-20 16:18:54,5,Close Short,Limit,Trade,2953,0.21510,0.21510,6e-05,0.03811142,fc4f0e7c
CHZUSDT,8ddf9104,2022-11-20 16:18:54,5,Close Short,Limit,Trade,2531,0.21510,0.21510,6e-05,0.03266509,70ab8fd2
CHZUSDT,8ddf9104,2022-11-20 16:18:54,5,Close Short,Limit,Trade,2109,0.21510,0.21510,6e-05,0.02721876,bded9d5e
CHZUSDT,8ddf9104,2022-11-20 16:18:54,5,Close Short,Limit,Trade,62,0.21510,0.21510,6e-05,0.00080018,ddc8170c
CHZUSDT,8ddf9104,2022-11-20 16:18:54,5,Close Short,Limit,Trade,5273,0.21510,0.21510,6e-05,0.06805334,dbfddd82
CHZUSDT,8ddf9104,2022-11-20 16:18:54,5,Close Short,Limit,Trade,421,0.21510,0.21510,6e-05,0.00543343,1fb5d376
CHZUSDT,8ddf9104,2022-11-20 16:18:54,5,Close Short,Limit,Trade,12657,0.21510,0.21510,6e-05,0.16335125,28a03c6f
CHZUSDT,8ddf9104,2022-11-20 16:18:54,5,Close Short,Limit,Trade,10622,0.21510,0.21510,6e-05,0.13708754,52181787
CHZUSDT,851-Sell,2022-11-20 16:00:00,5,Open Short,--,Funding,255000,0.22565,0.00000,-0.0001,-5.754075,dff062fd
CHZUSDT,7b27e61d,2022-11-20 15:45:25,5,Close Short,Limit,Trade,172,0.22365,0.22365,6e-05,0.00230807,24340482
CHZUSDT,7b27e61d,2022-11-20 15:45:25,5,Close Short,Limit,Trade,24828,0.22365,0.22365,6e-05,0.33316694,33ab5857
CHZUSDT,1b1f25e5,2022-11-20 11:36:42,5,Close Short,Limit,Trade,22162,0.22925,0.22925,6e-05,0.30483831,2f134d95
CHZUSDT,1b1f25e5,2022-11-20 11:36:42,5,Close Short,Limit,Trade,2838,0.22925,0.22925,6e-05,0.03903669,cd779385
CHZUSDT,6aa9519e,2022-11-20 11:33:59,5,Close Short,Limit,Trade,10000,0.22900,0.22900,0.0005,1.145,d948dbc3
CHZUSDT,fc428d51,2022-11-20 10:49:43,5,Close Long,Limit,Trade,9711,0.23535,0.23500,0.0005,1.14274193,a0d88750
CHZUSDT,fc428d51,2022-11-20 10:49:43,5,Close Long,Limit,Trade,8967,0.23535,0.23500,0.0005,1.05519173,23315886
CHZUSDT,fc428d51,2022-11-20 10:49:43,5,Close Long,Limit,Trade,8971,0.23535,0.23500,0.0005,1.05566243,a8f1158f
CHZUSDT,fc428d51,2022-11-20 10:49:43,5,Close Long,Limit,Trade,7136,0.23535,0.23500,0.0005,0.8397288,10747ca0
CHZUSDT,fc428d51,2022-11-20 10:49:43,5,Close Long,Limit,Trade,22000,0.23535,0.23500,0.0005,2.58885,cfb3b776
CHZUSDT,fc428d51,2022-11-20 10:49:43,5,Close Long,Limit,Trade,1821,0.23535,0.23500,0.0005,0.21428618,5ba70d96
CHZUSDT,fc428d51,2022-11-20 10:49:43,5,Close Long,Limit,Trade,339,0.23535,0.23500,0.0005,0.03989183,04f0d2ef
CHZUSDT,fc428d51,2022-11-20 10:49:43,5,Close Long,Limit,Trade,4739,0.23535,0.23500,0.0005,0.55766183,57ef9db5
CHZUSDT,fc428d51,2022-11-20 10:49:43,5,Close Long,Limit,Trade,28,0.23535,0.23500,0.0005,0.0032949,ee351d2c
CHZUSDT,fc428d51,2022-11-20 10:49:43,5,Close Long,Limit,Trade,4808,0.23535,0.23500,0.0005,0.5657814,3b481e58
CHZUSDT,fc428d51,2022-11-20 10:49:43,5,Close Long,Limit,Trade,132,0.23535,0.23500,0.0005,0.0155331,7266f25f
CHZUSDT,fc428d51,2022-11-20 10:49:43,5,Close Long,Limit,Trade,386,0.23535,0.23500,0.0005,0.04542255,903490a3
CHZUSDT,fc428d51,2022-11-20 10:49:43,5,Close Long,Limit,Trade,177,0.23535,0.23500,0.0005,0.02082848,68c32b2f
CHZUSDT,fc428d51,2022-11-20 10:49:43,5,Close Long,Limit,Trade,2190,0.23535,0.23500,0.0005,0.25770825,361f53b6
CHZUSDT,fc428d51,2022-11-20 10:49:43,5,Close Long,Limit,Trade,3595,0.23535,0.23500,0.0005,0.42304163,fe81b908
CHZUSDT,576318ba,2022-11-20 10:49:37,5,Close Short,Limit,Trade,7030,0.23485,0.23500,0.0005,0.82549775,4e201189
CHZUSDT,576318ba,2022-11-20 10:49:37,5,Close Short,Limit,Trade,857,0.23485,0.23500,0.0005,0.10063323,557ce6b6
CHZUSDT,576318ba,2022-11-20 10:49:37,5,Close Short,Limit,Trade,2921,0.23490,0.23500,0.0005,0.34307145,ac045b39
CHZUSDT,576318ba,2022-11-20 10:49:37,5,Close Short,Limit,Trade,1799,0.23490,0.23500,0.0005,0.21129255,7f6b8a85
CHZUSDT,576318ba,2022-11-20 10:49:37,5,Close Short,Limit,Trade,6979,0.23490,0.23500,0.0005,0.81968355,81c085e4
CHZUSDT,576318ba,2022-11-20 10:49:37,5,Close Short,Limit,Trade,41497,0.23490,0.23500,0.0005,4.87382265,a1848c17
CHZUSDT,576318ba,2022-11-20 10:49:37,5,Close Short,Limit,Trade,10954,0.23495,0.23500,0.0005,1.28682115,f6b27fcd
CHZUSDT,576318ba,2022-11-20 10:49:37,5,Close Short,Limit,Trade,2963,0.23495,0.23500,0.0005,0.34807843,46f7518f
CHZUSDT,bfc37dd8,2022-11-20 10:49:32,5,Close Long,Limit,Trade,8971,0.23505,0.23385,0.0005,1.05431678,13317ad5
CHZUSDT,bfc37dd8,2022-11-20 10:49:32,5,Close Long,Limit,Trade,8967,0.23505,0.23385,0.0005,1.05384668,58fc5cf5
CHZUSDT,bfc37dd8,2022-11-20 10:49:32,5,Close Long,Limit,Trade,3634,0.23505,0.23385,0.0005,0.42708585,c1653a3d
CHZUSDT,bfc37dd8,2022-11-20 10:49:32,5,Close Long,Limit,Trade,4855,0.23505,0.23385,0.0005,0.57058388,b2af99a9
CHZUSDT,bfc37dd8,2022-11-20 10:49:32,5,Close Long,Limit,Trade,20805,0.23500,0.23385,0.0005,2.4445875,15b12bd1
CHZUSDT,bfc37dd8,2022-11-20 10:49:32,5,Close Long,Limit,Trade,2768,0.23500,0.23385,0.0005,0.32524,03050c74
CHZUSDT,a55b6cea,2022-11-20 10:46:32,5,Close Short,Limit,Trade,2527,0.23385,0.23385,6e-05,0.03545634,6542024c
CHZUSDT,a55b6cea,2022-11-20 10:46:32,5,Close Short,Limit,Trade,6769,0.23385,0.23385,6e-05,0.09497584,17ba5f99
CHZUSDT,a55b6cea,2022-11-20 10:46:06,5,Close Short,Limit,Trade,1540,0.23385,0.23385,6e-05,0.02160774,09f88bd1
CHZUSDT,a55b6cea,2022-11-20 10:46:06,5,Close Short,Limit,Trade,1997,0.23385,0.23385,6e-05,0.02801991,856dfa21
CHZUSDT,a55b6cea,2022-11-20 10:46:06,5,Close Short,Limit,Trade,11003,0.23385,0.23385,6e-05,0.1543831,6551be30
CHZUSDT,a55b6cea,2022-11-20 10:46:06,5,Close Short,Limit,Trade,2421,0.23385,0.23385,6e-05,0.03396906,6e5dc368
CHZUSDT,a55b6cea,2022-11-20 10:46:06,5,Close Short,Limit,Trade,4824,0.23385,0.23385,6e-05,0.06768555,a76e93b1
CHZUSDT,a55b6cea,2022-11-20 10:46:06,5,Close Short,Limit,Trade,2083,0.23385,0.23385,6e-05,0.02922658,e4ff2439
CHZUSDT,a55b6cea,2022-11-20 10:46:06,5,Close Short,Limit,Trade,156,0.23385,0.23385,6e-05,0.00218884,f19417f2
CHZUSDT,a55b6cea,2022-11-20 10:46:06,5,Close Short,Limit,Trade,2558,0.23385,0.23385,6e-05,0.0358913,ed9fc970
CHZUSDT,a55b6cea,2022-11-20 10:46:06,5,Close Short,Limit,Trade,2558,0.23385,0.23385,6e-05,0.0358913,f904a7ec
CHZUSDT,a55b6cea,2022-11-20 10:46:06,5,Close Short,Limit,Trade,1026,0.23385,0.23385,6e-05,0.01439581,2a4e3631
CHZUSDT,a55b6cea,2022-11-20 10:46:06,5,Close Short,Limit,Trade,10483,0.23385,0.23385,6e-05,0.14708698,5ce17945
CHZUSDT,a55b6cea,2022-11-20 10:46:06,5,Close Short,Limit,Trade,55,0.23385,0.23385,6e-05,0.00077171,00f1f506
CHZUSDT,f8413fcb,2022-11-20 10:45:42,5,Close Short,Market,Trade,2182,0.23420,Market,0.0005,0.2555122,9a96a38f
CHZUSDT,f8413fcb,2022-11-20 10:45:42,5,Close Short,Market,Trade,12948,0.23420,Market,0.0005,1.5162108,bd29f05a
CHZUSDT,f8413fcb,2022-11-20 10:45:42,5,Close Short,Market,Trade,12370,0.23420,Market,0.0005,1.448527,aa8f1d40
CHZUSDT,d74efae7,2022-11-20 10:45:35,5,Close Short,Market,Trade,4855,0.23400,Market,0.0005,0.568035,96c4bcb4
CHZUSDT,d74efae7,2022-11-20 10:45:35,5,Close Short,Market,Trade,4699,0.23400,Market,0.0005,0.549783,361eb86b
CHZUSDT,d74efae7,2022-11-20 10:45:35,5,Close Short,Market,Trade,8540,0.23400,Market,0.0005,0.99918,42886b5a
CHZUSDT,d74efae7,2022-11-20 10:45:35,5,Close Short,Market,Trade,481,0.23405,Market,0.0005,0.05628903,cfb3cbc6
CHZUSDT,d74efae7,2022-11-20 10:45:35,5,Close Short,Market,Trade,4481,0.23405,Market,0.0005,0.52438903,dfc02663
CHZUSDT,d74efae7,2022-11-20 10:45:35,5,Close Short,Market,Trade,1744,0.23405,Market,0.0005,0.2040916,ccfad9c0
CHZUSDT,d74efae7,2022-11-20 10:45:35,5,Close Short,Market,Trade,2700,0.23405,Market,0.0005,0.3159675,a4497f87
CHZUSDT,e8cb7196,2022-11-20 10:45:28,5,Close Short,Market,Trade,18435,0.23350,Market,0.0005,2.15228625,ad7a26a1
CHZUSDT,e8cb7196,2022-11-20 10:45:28,5,Close Short,Market,Trade,9065,0.23350,Market,0.0005,1.05833875,75ecaa9d
CHZUSDT,f3f5de49,2022-11-20 10:45:22,5,Close Short,Market,Trade,4119,0.23345,Market,0.0005,0.48079028,18e9bff2
CHZUSDT,f3f5de49,2022-11-20 10:45:22,5,Close Short,Market,Trade,21960,0.23345,Market,0.0005,2.563281,964a9551
CHZUSDT,f3f5de49,2022-11-20 10:45:22,5,Close Short,Market,Trade,1421,0.23345,Market,0.0005,0.16586623,02dad6b5
CHZUSDT,2ede367f,2022-11-20 10:44:22,5,Open Long,Limit,Trade,116276,0.23185,0.23185,6e-05,1.61751544,a0058e9e
CHZUSDT,2ede367f,2022-11-20 10:44:22,5,Open Long,Limit,Trade,3899,0.23185,0.23185,6e-05,0.05423899,bdc91008
CHZUSDT,2ede367f,2022-11-20 10:44:22,5,Open Long,Limit,Trade,239,0.23185,0.23185,6e-05,0.00332473,4d53351f
CHZUSDT,2ede367f,2022-11-20 10:44:22,5,Open Long,Limit,Trade,4466,0.23185,0.23185,6e-05,0.06212653,d3141480
CHZUSDT,2ede367f,2022-11-20 10:44:22,5,Open Long,Limit,Trade,120,0.23185,0.23185,6e-05,0.00166932,4c00189f
CHZUSDT,0ae6fc64,2022-11-20 10:27:54,5,Open Short,Limit,Trade,140523,0.23900,0.23900,6e-05,2.01509982,2d41d4dd
CHZUSDT,0ae6fc64,2022-11-20 10:27:54,5,Open Short,Limit,Trade,402,0.23900,0.23900,6e-05,0.00576468,47a986c0
CHZUSDT,0ae6fc64,2022-11-20 10:27:54,5,Open Short,Limit,Trade,402,0.23900,0.23900,6e-05,0.00576468,d940fcbd
CHZUSDT,0ae6fc64,2022-11-20 10:27:54,5,Open Short,Limit,Trade,2558,0.23900,0.23900,6e-05,0.03668172,4299d0e9
CHZUSDT,0ae6fc64,2022-11-20 10:27:53,5,Open Short,Limit,Trade,3625,0.23900,0.23900,6e-05,0.0519825,56b31363
CHZUSDT,0ae6fc64,2022-11-20 10:27:53,5,Open Short,Limit,Trade,402,0.23900,0.23900,6e-05,0.00576468,71944061
CHZUSDT,0ae6fc64,2022-11-20 10:27:52,5,Open Short,Limit,Trade,1898,0.23900,0.23900,6e-05,0.02721732,f3077858
CHZUSDT,0ae6fc64,2022-11-20 10:27:52,5,Open Short,Limit,Trade,3488,0.23900,0.23900,6e-05,0.05001792,f2592946
CHZUSDT,0ae6fc64,2022-11-20 10:27:52,5,Open Short,Limit,Trade,3124,0.23900,0.23900,6e-05,0.04479816,6ab754ee
CHZUSDT,0ae6fc64,2022-11-20 10:27:52,5,Open Short,Limit,Trade,2438,0.23900,0.23900,6e-05,0.03496092,5c73cce6
CHZUSDT,0ae6fc64,2022-11-20 10:27:52,5,Open Short,Limit,Trade,2000,0.23900,0.23900,6e-05,0.02868,f352f191
CHZUSDT,0ae6fc64,2022-11-20 10:27:52,5,Open Short,Limit,Trade,11734,0.23900,0.23900,6e-05,0.16826556,49306e4f
CHZUSDT,0ae6fc64,2022-11-20 10:27:52,5,Open Short,Limit,Trade,4000,0.23900,0.23900,6e-05,0.05736,1daee4b2
CHZUSDT,0ae6fc64,2022-11-20 10:27:52,5,Open Short,Limit,Trade,6000,0.23900,0.23900,6e-05,0.08604,7b95b68e
CHZUSDT,0ae6fc64,2022-11-20 10:27:52,5,Open Short,Limit,Trade,2696,0.23900,0.23900,6e-05,0.03866064,d92aa051
CHZUSDT,0ae6fc64,2022-11-20 10:27:52,5,Open Short,Limit,Trade,2000,0.23900,0.23900,6e-05,0.02868,202edd7a
CHZUSDT,0ae6fc64,2022-11-20 10:27:52,5,Open Short,Limit,Trade,2000,0.23900,0.23900,6e-05,0.02868,ff54e389
CHZUSDT,0ae6fc64,2022-11-20 10:27:52,5,Open Short,Limit,Trade,5594,0.23900,0.23900,6e-05,0.08021796,ea170a88
CHZUSDT,0ae6fc64,2022-11-20 10:27:52,5,Open Short,Limit,Trade,2558,0.23900,0.23900,6e-05,0.03668172,71071ce2
CHZUSDT,0ae6fc64,2022-11-20 10:27:52,5,Open Short,Limit,Trade,2558,0.23900,0.23900,6e-05,0.03668172,a5f8005f
CHZUSDT,1599d0b7,2022-11-20 10:26:17,5,Open Short,Limit,Trade,1921,0.23900,0.23900,6e-05,0.02754714,59f301b2
CHZUSDT,1599d0b7,2022-11-20 10:26:17,5,Open Short,Limit,Trade,2000,0.23900,0.23900,6e-05,0.02868,58fd27d1
CHZUSDT,1599d0b7,2022-11-20 10:26:17,5,Open Short,Limit,Trade,402,0.23900,0.23900,6e-05,0.00576468,69e78faa
CHZUSDT,1599d0b7,2022-11-20 10:26:17,5,Open Short,Limit,Trade,2558,0.23900,0.23900,6e-05,0.03668172,0f240f1e
CHZUSDT,1599d0b7,2022-11-20 10:26:17,5,Open Short,Limit,Trade,6000,0.23900,0.23900,6e-05,0.08604,0eee6733
CHZUSDT,1599d0b7,2022-11-20 10:26:17,5,Open Short,Limit,Trade,20000,0.23900,0.23900,6e-05,0.2868,668c47b3
CHZUSDT,1599d0b7,2022-11-20 10:26:17,5,Open Short,Limit,Trade,20000,0.23900,0.23900,6e-05,0.2868,fb0c0b3b
CHZUSDT,1599d0b7,2022-11-20 10:26:17,5,Open Short,Limit,Trade,20000,0.23900,0.23900,6e-05,0.2868,23e12bb8
CHZUSDT,1599d0b7,2022-11-20 10:25:47,5,Open Short,Limit,Trade,111984,0.23900,0.23900,6e-05,1.60585056,2b5167b2
CHZUSDT,1599d0b7,2022-11-20 10:25:46,5,Open Short,Limit,Trade,550,0.23900,0.23900,6e-05,0.007887,32039771
CHZUSDT,1599d0b7,2022-11-20 10:25:46,5,Open Short,Limit,Trade,41,0.23900,0.23900,6e-05,0.00058794,863bc6a6
CHZUSDT,1599d0b7,2022-11-20 10:25:46,5,Open Short,Limit,Trade,1529,0.23900,0.23900,6e-05,0.02192586,8be06e06
CHZUSDT,1599d0b7,2022-11-20 10:25:46,5,Open Short,Limit,Trade,550,0.23900,0.23900,6e-05,0.007887,266c57df
CHZUSDT,1599d0b7,2022-11-20 10:25:46,5,Open Short,Limit,Trade,2673,0.23900,0.23900,6e-05,0.03833082,cea2daef
CHZUSDT,1599d0b7,2022-11-20 10:25:46,5,Open Short,Limit,Trade,135,0.23900,0.23900,6e-05,0.0019359,4ecae769
CHZUSDT,1599d0b7,2022-11-20 10:25:46,5,Open Short,Limit,Trade,43268,0.23900,0.23900,6e-05,0.62046312,46fc0f87
CHZUSDT,1599d0b7,2022-11-20 10:25:46,5,Open Short,Limit,Trade,605,0.23900,0.23900,6e-05,0.0086757,19031727
CHZUSDT,1599d0b7,2022-11-20 10:25:46,5,Open Short,Limit,Trade,431,0.23900,0.23900,6e-05,0.00618054,67109102
CHZUSDT,1599d0b7,2022-11-20 10:25:46,5,Open Short,Limit,Trade,17900,0.23900,0.23900,6e-05,0.256686,d03a78da
CHZUSDT,1599d0b7,2022-11-20 10:25:46,5,Open Short,Limit,Trade,1021,0.23900,0.23900,6e-05,0.01464114,f03b74c3
CHZUSDT,1599d0b7,2022-11-20 10:25:46,5,Open Short,Limit,Trade,200,0.23900,0.23900,6e-05,0.002868,1ffde7de
CHZUSDT,1599d0b7,2022-11-20 10:25:46,5,Open Short,Limit,Trade,14592,0.23900,0.23900,6e-05,0.20924928,2a2b8743
CHZUSDT,1599d0b7,2022-11-20 10:25:46,5,Open Short,Limit,Trade,20734,0.23900,0.23900,6e-05,0.29732556,79c0f21e
CHZUSDT,1599d0b7,2022-11-20 10:25:46,5,Open Short,Limit,Trade,1981,0.23900,0.23900,6e-05,0.02840754,e3379592
CHZUSDT,1599d0b7,2022-11-20 10:25:46,5,Open Short,Limit,Trade,16,0.23900,0.23900,6e-05,0.00022944,b26137e7
CHZUSDT,1599d0b7,2022-11-20 10:25:46,5,Open Short,Limit,Trade,58909,0.23900,0.23900,6e-05,0.84475506,f07926e8
CHZUSDT,98f86891,2022-11-20 08:40:36,5,Close Short,Limit,Trade,23204,0.22200,0.22200,6e-05,0.30907728,e5bfba9a
CHZUSDT,98f86891,2022-11-20 08:40:36,5,Close Short,Limit,Trade,58172,0.22200,0.22200,6e-05,0.77485104,798c79ae
CHZUSDT,98f86891,2022-11-20 08:40:36,5,Close Short,Limit,Trade,649,0.22200,0.22200,6e-05,0.00864468,92ab633a
CHZUSDT,98f86891,2022-11-20 08:40:36,5,Close Short,Limit,Trade,1733,0.22200,0.22200,6e-05,0.02308356,d9cc3f7f
CHZUSDT,98f86891,2022-11-20 08:40:36,5,Close Short,Limit,Trade,649,0.22200,0.22200,6e-05,0.00864468,45b441e0
CHZUSDT,98f86891,2022-11-20 08:40:36,5,Close Short,Limit,Trade,1733,0.22200,0.22200,6e-05,0.02308356,86e76533
CHZUSDT,98f86891,2022-11-20 08:40:36,5,Close Short,Limit,Trade,250687,0.22200,0.22200,6e-05,3.33915084,3303aafc
CHZUSDT,98f86891,2022-11-20 08:40:36,5,Close Short,Limit,Trade,50,0.22200,0.22200,6e-05,0.000666,230688fa
CHZUSDT,98f86891,2022-11-20 08:40:36,5,Close Short,Limit,Trade,54,0.22200,0.22200,6e-05,0.00071928,45e262d8
CHZUSDT,98f86891,2022-11-20 08:40:36,5,Close Short,Limit,Trade,1627,0.22200,0.22200,6e-05,0.02167164,06a084a4
CHZUSDT,98f86891,2022-11-20 08:40:36,5,Close Short,Limit,Trade,5687,0.22200,0.22200,6e-05,0.07575084,acc7bda3
CHZUSDT,98f86891,2022-11-20 08:40:36,5,Close Short,Limit,Trade,303,0.22200,0.22200,6e-05,0.00403596,32096203
CHZUSDT,98f86891,2022-11-20 08:40:36,5,Close Short,Limit,Trade,1037,0.22200,0.22200,6e-05,0.01381284,da5c3f80
CHZUSDT,98f86891,2022-11-20 08:40:36,5,Close Short,Limit,Trade,500,0.22200,0.22200,6e-05,0.00666,19055543
CHZUSDT,98f86891,2022-11-20 08:40:36,5,Close Short,Limit,Trade,210,0.22200,0.22200,6e-05,0.0027972,fd5d6efa
CHZUSDT,98f86891,2022-11-20 08:40:36,5,Close Short,Limit,Trade,1822,0.22200,0.22200,6e-05,0.02426904,7a366e5f
CHZUSDT,98f86891,2022-11-20 08:40:36,5,Close Short,Limit,Trade,1883,0.22200,0.22200,6e-05,0.02508156,c206fb22
CHZUSDT,851-Sell,2022-11-20 08:00:00,5,Open Short,--,Funding,350000,0.23114,0.00000,-0.00035359,-28.60507741,68ca1891
CHZUSDT,851-Sell,2022-11-20 00:00:00,5,Open Short,--,Funding,350000,0.24495,0.00000,-0.0001,-8.57325,a98abb4d
CHZUSDT,851-Sell,2022-11-19 16:00:00,5,Open Short,--,Funding,350000,0.24710,0.00000,-0.0001,-8.6485,6055ad32
CHZUSDT,536c4539,2022-11-19 14:46:58,5,Open Short,Limit,Trade,2243,0.24720,0.24695,0.0005,0.2772348,cfe5eb66
CHZUSDT,536c4539,2022-11-19 14:46:58,5,Open Short,Limit,Trade,6022,0.24720,0.24695,0.0005,0.7443192,3fdfceea
CHZUSDT,536c4539,2022-11-19 14:46:58,5,Open Short,Limit,Trade,10834,0.24720,0.24695,0.0005,1.3390824,c3487c44
CHZUSDT,536c4539,2022-11-19 14:46:58,5,Open Short,Limit,Trade,17366,0.24720,0.24695,0.0005,2.1464376,56166899
CHZUSDT,536c4539,2022-11-19 14:46:58,5,Open Short,Limit,Trade,8588,0.24715,0.24695,0.0005,1.0612621,af4c50e4
CHZUSDT,536c4539,2022-11-19 14:46:58,5,Open Short,Limit,Trade,10833,0.24715,0.24695,0.0005,1.33868798,a3547ab8
CHZUSDT,536c4539,2022-11-19 14:46:58,5,Open Short,Limit,Trade,17366,0.24715,0.24695,0.0005,2.14600345,52ab8850
CHZUSDT,536c4539,2022-11-19 14:46:58,5,Open Short,Limit,Trade,7460,0.24715,0.24695,0.0005,0.9218695,fdc140e4
CHZUSDT,536c4539,2022-11-19 14:46:58,5,Open Short,Limit,Trade,15939,0.24715,0.24695,0.0005,1.96966193,c1f382e5
CHZUSDT,536c4539,2022-11-19 14:46:58,5,Open Short,Limit,Trade,1201,0.24715,0.24695,0.0005,0.14841358,acfa40a4
CHZUSDT,536c4539,2022-11-19 14:46:58,5,Open Short,Limit,Trade,3939,0.24715,0.24695,0.0005,0.48676193,6c6cc119
CHZUSDT,536c4539,2022-11-19 14:46:58,5,Open Short,Limit,Trade,21127,0.24715,0.24695,0.0005,2.61076903,02cb6671
CHZUSDT,536c4539,2022-11-19 14:46:58,5,Open Short,Limit,Trade,21000,0.24715,0.24695,0.0005,2.595075,b0e2e8c9
CHZUSDT,536c4539,2022-11-19 14:46:58,5,Open Short,Limit,Trade,1,0.24715,0.24695,0.0005,0.00012358,ea28abf2
CHZUSDT,536c4539,2022-11-19 14:46:58,5,Open Short,Limit,Trade,12498,0.24710,0.24695,0.0005,1.5441279,64e5fcb4
CHZUSDT,536c4539,2022-11-19 14:46:58,5,Open Short,Limit,Trade,11921,0.24710,0.24695,0.0005,1.47283955,a7c430cc
CHZUSDT,536c4539,2022-11-19 14:46:58,5,Open Short,Limit,Trade,10232,0.24710,0.24695,0.0005,1.2641636,09959961
CHZUSDT,536c4539,2022-11-19 14:46:58,5,Open Short,Limit,Trade,1529,0.24710,0.24695,0.0005,0.18890795,a0b935a0
CHZUSDT,536c4539,2022-11-19 14:46:58,5,Open Short,Limit,Trade,7460,0.24710,0.24695,0.0005,0.921683,ffedff2d
CHZUSDT,536c4539,2022-11-19 14:46:58,5,Open Short,Limit,Trade,21000,0.24710,0.24695,0.0005,2.59455,72fdc2c6
CHZUSDT,536c4539,2022-11-19 14:46:58,5,Open Short,Limit,Trade,965,0.24710,0.24695,0.0005,0.11922575,b93eb5f5
CHZUSDT,536c4539,2022-11-19 14:46:58,5,Open Short,Limit,Trade,193,0.24710,0.24695,0.0005,0.02384515,84d174c4
CHZUSDT,536c4539,2022-11-19 14:46:58,5,Open Short,Limit,Trade,190,0.24710,0.24695,0.0005,0.0234745,f3a73bae
CHZUSDT,536c4539,2022-11-19 14:46:58,5,Open Short,Limit,Trade,9314,0.24705,0.24695,0.0005,1.15051185,96886d1c
CHZUSDT,536c4539,2022-11-19 14:46:58,5,Open Short,Limit,Trade,5014,0.24705,0.24695,0.0005,0.61935435,d62ca289
CHZUSDT,536c4539,2022-11-19 14:46:58,5,Open Short,Limit,Trade,27607,0.24705,0.24695,0.0005,3.41015468,6bcad244
CHZUSDT,536c4539,2022-11-19 14:46:58,5,Open Short,Limit,Trade,7425,0.24705,0.24695,0.0005,0.91717313,12e3e534
CHZUSDT,536c4539,2022-11-19 14:46:58,5,Open Short,Limit,Trade,15939,0.24705,0.24695,0.0005,1.96886498,f6196e9b
CHZUSDT,536c4539,2022-11-19 14:46:58,5,Open Short,Limit,Trade,6361,0.24705,0.24695,0.0005,0.78574253,850fb43f
CHZUSDT,536c4539,2022-11-19 14:46:58,5,Open Short,Limit,Trade,18716,0.24705,0.24695,0.0005,2.3118939,f197424f
CHZUSDT,536c4539,2022-11-19 14:46:58,5,Open Short,Limit,Trade,19496,0.24705,0.24695,0.0005,2.4082434,5aa59861
CHZUSDT,536c4539,2022-11-19 14:46:58,5,Open Short,Limit,Trade,972,0.24705,0.24695,0.0005,0.1200663,05413f7c
CHZUSDT,536c4539,2022-11-19 14:46:58,5,Open Short,Limit,Trade,19718,0.24705,0.24695,0.0005,2.43566595,07a0e2e5
CHZUSDT,536c4539,2022-11-19 14:46:58,5,Open Short,Limit,Trade,4727,0.24705,0.24695,0.0005,0.58390268,54c57ab6
CHZUSDT,536c4539,2022-11-19 14:46:58,5,Open Short,Limit,Trade,4804,0.24705,0.24695,0.0005,0.5934141,514ed4e7
